{"filename": "pyntcloud_plot", "camera_position": [508.0, 0.0, 36655.30078125], "look_at": [178.89285278320312, -86.64286041259766, 13040.7099609375], "point_size": 185.18650390625, "point_opacity": 0.9, "polylines_points": [], "polylines_colors": []}