{
    "camera_matrix": [
        [
            587.467217162,
            0,
            746.834662176
        ],
        [
            0,
            583.279916347,
            560.059131772
        ],
        [
            0,
            0,
            1
        ]
    ],
    "k_coef": [
        0.172686496,
        -0.092024968,
        -0.002735723,
        0.494416241,
        -0.10974415,
        -0.017876025
    ],
    "p_coef": [
        0.000299857,
        -0.000261183
    ]
}